<list version="1.0">
<meta>
<type>resource-list</type>
</meta>
<resources start="0" count="164">
<resource classname="Quote">
<field name="name">USD/KRW</field>
<field name="price">1129.234985</field>
<field name="symbol">KRW=X</field>
<field name="ts">1365062740</field>
<field name="type">currency</field>
<field name="volume">0</field>
</resource><resource classname="Quote">
<field name="name">SILVER 1 OZ 999 NY</field>
<field name="price">0.037351</field>
<field name="symbol">XAG=X</field>
<field name="ts">1365024519</field>
<field name="type">currency</field>
<field name="volume">95</field>
</resource><resource classname="Quote">
<field name="name">USD/VND</field>
<field name="price">20920.000000</field>
<field name="symbol">VND=X</field>
<field name="ts">1365062740</field>
<field name="type">currency</field>
<field name="volume">0</field>
</resource><resource classname="Quote">
<field name="name">USD/BOB</field>
<field name="price">6.910000</field>
<field name="symbol">BOB=X</field>
<field name="ts">1365062740</field>
<field name="type">currency</field>
<field name="volume">0</field>
</resource><resource classname="Quote">
<field name="name">USD/MOP</field>
<field name="price">7.995800</field>
<field name="symbol">MOP=X</field>
<field name="ts">1365062740</field>
<field name="type">currency</field>
<field name="volume">0</field>
</resource><resource classname="Quote">
<field name="name">USD/BDT</field>
<field name="price">78.150002</field>
<field name="symbol">BDT=X</field>
<field name="ts">1365062740</field>
<field name="type">currency</field>
<field name="volume">0</field>
</resource><resource classname="Quote">
<field name="name">USD/MDL</field>
<field name="price">12.445000</field>
<field name="symbol">MDL=X</field>
<field name="ts">1365062740</field>
<field name="type">currency</field>
<field name="volume">0</field>
</resource><resource classname="Quote">
<field name="name">USD/VEF</field>
<field name="price">6.287700</field>
<field name="symbol">VEF=X</field>
<field name="ts">1365062740</field>
<field name="type">currency</field>
<field name="volume">0</field>
</resource><resource classname="Quote">
<field name="name">USD/GEL</field>
<field name="price">1.654900</field>
<field name="symbol">GEL=X</field>
<field name="ts">1365062740</field>
<field name="type">currency</field>
<field name="volume">0</field>
</resource><resource classname="Quote">
<field name="name">USD/ISK</field>
<field name="price">123.730003</field>
<field name="symbol">ISK=X</field>
<field name="ts">1365062740</field>
<field name="type">currency</field>
<field name="volume">0</field>
</resource><resource classname="Quote">
<field name="name">USD/BYR</field>
<field name="price">8690.000000</field>
<field name="symbol">BYR=X</field>
<field name="ts">1365062740</field>
<field name="type">currency</field>
<field name="volume">0</field>
</resource><resource classname="Quote">
<field name="name">USD/THB</field>
<field name="price">29.365000</field>
<field name="symbol">THB=X</field>
<field name="ts">1365062740</field>
<field name="type">currency</field>
<field name="volume">0</field>
</resource><resource classname="Quote">
<field name="name">USD/TND</field>
<field name="price">1.596000</field>
<field name="symbol">TND=X</field>
<field name="ts">1365062740</field>
<field name="type">currency</field>
<field name="volume">0</field>
</resource><resource classname="Quote">
<field name="name">USD/JMD</field>
<field name="price">98.250000</field>
<field name="symbol">JMD=X</field>
<field name="ts">1365062740</field>
<field name="type">currency</field>
<field name="volume">0</field>
</resource><resource classname="Quote">
<field name="name">USD/DKK</field>
<field name="price">5.828600</field>
<field name="symbol">DKK=X</field>
<field name="ts">1365062745</field>
<field name="type">currency</field>
<field name="volume">0</field>
</resource><resource classname="Quote">
<field name="name">USD/SRD</field>
<field name="price">3.275000</field>
<field name="symbol">SRD=X</field>
<field name="ts">1365062740</field>
<field name="type">currency</field>
<field name="volume">0</field>
</resource><resource classname="Quote">
<field name="name">USD/BWP</field>
<field name="price">8.261500</field>
<field name="symbol">BWP=X</field>
<field name="ts">1365062740</field>
<field name="type">currency</field>
<field name="volume">0</field>
</resource><resource classname="Quote">
<field name="name">USD/NOK</field>
<field name="price">5.831650</field>
<field name="symbol">NOK=X</field>
<field name="ts">1365062745</field>
<field name="type">currency</field>
<field name="volume">0</field>
</resource><resource classname="Quote">
<field name="name">USD/MUR</field>
<field name="price">31.400000</field>
<field name="symbol">MUR=X</field>
<field name="ts">1365062740</field>
<field name="type">currency</field>
<field name="volume">0</field>
</resource><resource classname="Quote">
<field name="name">USD/ZMK</field>
<field name="price">5195.000000</field>
<field name="symbol">ZMK=X</field>
<field name="ts">1365062740</field>
<field name="type">currency</field>
<field name="volume">0</field>
</resource><resource classname="Quote">
<field name="name">USD/AZN</field>
<field name="price">0.784600</field>
<field name="symbol">AZN=X</field>
<field name="ts">1365062740</field>
<field name="type">currency</field>
<field name="volume">0</field>
</resource><resource classname="Quote">
<field name="name">USD/INR</field>
<field name="price">54.830002</field>
<field name="symbol">INR=X</field>
<field name="ts">1365062740</field>
<field name="type">currency</field>
<field name="volume">0</field>
</resource><resource classname="Quote">
<field name="name">USD/MGA</field>
<field name="price">2248.000000</field>
<field name="symbol">MGA=X</field>
<field name="ts">1365062740</field>
<field name="type">currency</field>
<field name="volume">0</field>
</resource><resource classname="Quote">
<field name="name">USD/CAD</field>
<field name="price">1.015650</field>
<field name="symbol">CAD=X</field>
<field name="ts">1365062741</field>
<field name="type">currency</field>
<field name="volume">0</field>
</resource><resource classname="Quote">
<field name="name">USD/XAF</field>
<field name="price">512.626587</field>
<field name="symbol">XAF=X</field>
<field name="ts">1365062740</field>
<field name="type">currency</field>
<field name="volume">0</field>
</resource><resource classname="Quote">
<field name="name">USD/LBP</field>
<field name="price">1504.000000</field>
<field name="symbol">LBP=X</field>
<field name="ts">1365062740</field>
<field name="type">currency</field>
<field name="volume">0</field>
</resource><resource classname="Quote">
<field name="name">USD/XDR</field>
<field name="price">0.669000</field>
<field name="symbol">XDR=X</field>
<field name="ts">1365062740</field>
<field name="type">currency</field>
<field name="volume">0</field>
</resource><resource classname="Quote">
<field name="name">USD/IDR</field>
<field name="price">9778.000000</field>
<field name="symbol">IDR=X</field>
<field name="ts">1365062740</field>
<field name="type">currency</field>
<field name="volume">0</field>
</resource><resource classname="Quote">
<field name="name">USD/IEP</field>
<field name="price">0.615479</field>
<field name="symbol">IEP=X</field>
<field name="ts">1365062740</field>
<field name="type">currency</field>
<field name="volume">0</field>
</resource><resource classname="Quote">
<field name="name">USD/AUD</field>
<field name="price">0.960246</field>
<field name="symbol">AUD=X</field>
<field name="ts">1365062740</field>
<field name="type">currency</field>
<field name="volume">0</field>
</resource><resource classname="Quote">
<field name="name">USD/MMK</field>
<field name="price">877.500000</field>
<field name="symbol">MMK=X</field>
<field name="ts">1365062740</field>
<field name="type">currency</field>
<field name="volume">0</field>
</resource><resource classname="Quote">
<field name="name">USD/LYD</field>
<field name="price">1.287500</field>
<field name="symbol">LYD=X</field>
<field name="ts">1365062740</field>
<field name="type">currency</field>
<field name="volume">0</field>
</resource><resource classname="Quote">
<field name="name">USD/ZAR</field>
<field name="price">9.258850</field>
<field name="symbol">ZAR=X</field>
<field name="ts">1365062740</field>
<field name="type">currency</field>
<field name="volume">0</field>
</resource><resource classname="Quote">
<field name="name">USD/IQD</field>
<field name="price">1159.000000</field>
<field name="symbol">IQD=X</field>
<field name="ts">1365062740</field>
<field name="type">currency</field>
<field name="volume">0</field>
</resource><resource classname="Quote">
<field name="name">USD/XPF</field>
<field name="price">93.000000</field>
<field name="symbol">XPF=X</field>
<field name="ts">1365062740</field>
<field name="type">currency</field>
<field name="volume">0</field>
</resource><resource classname="Quote">
<field name="name">USD/TJS</field>
<field name="price">4.756200</field>
<field name="symbol">TJS=X</field>
<field name="ts">1365062740</field>
<field name="type">currency</field>
<field name="volume">0</field>
</resource><resource classname="Quote">
<field name="name">USD/CUP</field>
<field name="price">1.000000</field>
<field name="symbol">CUP=X</field>
<field name="ts">1365062740</field>
<field name="type">currency</field>
<field name="volume">0</field>
</resource><resource classname="Quote">
<field name="name">USD/UGX</field>
<field name="price">2592.800049</field>
<field name="symbol">UGX=X</field>
<field name="ts">1365062740</field>
<field name="type">currency</field>
<field name="volume">0</field>
</resource><resource classname="Quote">
<field name="name">USD/NGN</field>
<field name="price">158.000000</field>
<field name="symbol">NGN=X</field>
<field name="ts">1365062740</field>
<field name="type">currency</field>
<field name="volume">0</field>
</resource><resource classname="Quote">
<field name="name">USD/PGK</field>
<field name="price">2.159450</field>
<field name="symbol">PGK=X</field>
<field name="ts">1365062740</field>
<field name="type">currency</field>
<field name="volume">0</field>
</resource><resource classname="Quote">
<field name="name">USD/TOP</field>
<field name="price">1.751448</field>
<field name="symbol">TOP=X</field>
<field name="ts">1365062740</field>
<field name="type">currency</field>
<field name="volume">0</field>
</resource><resource classname="Quote">
<field name="name">USD/TMT</field>
<field name="price">2.850300</field>
<field name="symbol">TMT=X</field>
<field name="ts">1365062740</field>
<field name="type">currency</field>
<field name="volume">0</field>
</resource><resource classname="Quote">
<field name="name">USD/KES</field>
<field name="price">84.779999</field>
<field name="symbol">KES=X</field>
<field name="ts">1365062740</field>
<field name="type">currency</field>
<field name="volume">0</field>
</resource><resource classname="Quote">
<field name="name">USD/CRC</field>
<field name="price">499.399994</field>
<field name="symbol">CRC=X</field>
<field name="ts">1365062740</field>
<field name="type">currency</field>
<field name="volume">0</field>
</resource><resource classname="Quote">
<field name="name">USD/MZN</field>
<field name="price">29.900000</field>
<field name="symbol">MZN=X</field>
<field name="ts">1365062740</field>
<field name="type">currency</field>
<field name="volume">0</field>
</resource><resource classname="Quote">
<field name="name">USD/SYP</field>
<field name="price">70.529999</field>
<field name="symbol">SYP=X</field>
<field name="ts">1365062740</field>
<field name="type">currency</field>
<field name="volume">0</field>
</resource><resource classname="Quote">
<field name="name">USD/ANG</field>
<field name="price">1.790000</field>
<field name="symbol">ANG=X</field>
<field name="ts">1365062740</field>
<field name="type">currency</field>
<field name="volume">0</field>
</resource><resource classname="Quote">
<field name="name">USD/ZMW</field>
<field name="price">5.390000</field>
<field name="symbol">ZMW=X</field>
<field name="ts">1365062740</field>
<field name="type">currency</field>
<field name="volume">0</field>
</resource><resource classname="Quote">
<field name="name">USD/BRL</field>
<field name="price">2.024100</field>
<field name="symbol">BRL=X</field>
<field name="ts">1365062740</field>
<field name="type">currency</field>
<field name="volume">0</field>
</resource><resource classname="Quote">
<field name="name">USD/BSD</field>
<field name="price">1.000000</field>
<field name="symbol">BSD=X</field>
<field name="ts">1365062740</field>
<field name="type">currency</field>
<field name="volume">0</field>
</resource><resource classname="Quote">
<field name="name">USD/NIO</field>
<field name="price">24.905001</field>
<field name="symbol">NIO=X</field>
<field name="ts">1365062740</field>
<field name="type">currency</field>
<field name="volume">0</field>
</resource><resource classname="Quote">
<field name="name">USD/GNF</field>
<field name="price">7133.000000</field>
<field name="symbol">GNF=X</field>
<field name="ts">1365062740</field>
<field name="type">currency</field>
<field name="volume">0</field>
</resource><resource classname="Quote">
<field name="name">USD/BMD</field>
<field name="price">1.000000</field>
<field name="symbol">BMD=X</field>
<field name="ts">1365062740</field>
<field name="type">currency</field>
<field name="volume">0</field>
</resource><resource classname="Quote">
<field name="name">USD/SLL</field>
<field name="price">4328.000000</field>
<field name="symbol">SLL=X</field>
<field name="ts">1365062740</field>
<field name="type">currency</field>
<field name="volume">0</field>
</resource><resource classname="Quote">
<field name="name">USD/MKD</field>
<field name="price">48.150002</field>
<field name="symbol">MKD=X</field>
<field name="ts">1365062740</field>
<field name="type">currency</field>
<field name="volume">0</field>
</resource><resource classname="Quote">
<field name="name">USD/BIF</field>
<field name="price">1565.000000</field>
<field name="symbol">BIF=X</field>
<field name="ts">1365062740</field>
<field name="type">currency</field>
<field name="volume">0</field>
</resource><resource classname="Quote">
<field name="name">USD/LAK</field>
<field name="price">7825.500000</field>
<field name="symbol">LAK=X</field>
<field name="ts">1365062740</field>
<field name="type">currency</field>
<field name="volume">0</field>
</resource><resource classname="Quote">
<field name="name">USD/BHD</field>
<field name="price">0.377030</field>
<field name="symbol">BHD=X</field>
<field name="ts">1365062740</field>
<field name="type">currency</field>
<field name="volume">0</field>
</resource><resource classname="Quote">
<field name="name">USD/SHP</field>
<field name="price">0.664900</field>
<field name="symbol">SHP=X</field>
<field name="ts">1365062740</field>
<field name="type">currency</field>
<field name="volume">0</field>
</resource><resource classname="Quote">
<field name="name">USD/BGN</field>
<field name="price">1.523000</field>
<field name="symbol">BGN=X</field>
<field name="ts">1365062740</field>
<field name="type">currency</field>
<field name="volume">0</field>
</resource><resource classname="Quote">
<field name="name">USD/SGD</field>
<field name="price">1.242065</field>
<field name="symbol">SGD=X</field>
<field name="ts">1365062743</field>
<field name="type">currency</field>
<field name="volume">0</field>
</resource><resource classname="Quote">
<field name="name">USD/CNY</field>
<field name="price">6.203400</field>
<field name="symbol">CNY=X</field>
<field name="ts">1365062740</field>
<field name="type">currency</field>
<field name="volume">0</field>
</resource><resource classname="Quote">
<field name="name">USD/EUR</field>
<field name="price">0.782014</field>
<field name="symbol">EUR=X</field>
<field name="ts">1365062740</field>
<field name="type">currency</field>
<field name="volume">0</field>
</resource><resource classname="Quote">
<field name="name">USD/TTD</field>
<field name="price">6.410000</field>
<field name="symbol">TTD=X</field>
<field name="ts">1365062740</field>
<field name="type">currency</field>
<field name="volume">0</field>
</resource><resource classname="Quote">
<field name="name">USD/SCR</field>
<field name="price">11.705000</field>
<field name="symbol">SCR=X</field>
<field name="ts">1365062740</field>
<field name="type">currency</field>
<field name="volume">0</field>
</resource><resource classname="Quote">
<field name="name">USD/BBD</field>
<field name="price">2.000000</field>
<field name="symbol">BBD=X</field>
<field name="ts">1365062740</field>
<field name="type">currency</field>
<field name="volume">0</field>
</resource><resource classname="Quote">
<field name="name">USD/SBD</field>
<field name="price">7.211568</field>
<field name="symbol">SBD=X</field>
<field name="ts">1365062740</field>
<field name="type">currency</field>
<field name="volume">0</field>
</resource><resource classname="Quote">
<field name="name">USD/MAD</field>
<field name="price">8.663000</field>
<field name="symbol">MAD=X</field>
<field name="ts">1365062740</field>
<field name="type">currency</field>
<field name="volume">0</field>
</resource><resource classname="Quote">
<field name="name">USD/GTQ</field>
<field name="price">7.788500</field>
<field name="symbol">GTQ=X</field>
<field name="ts">1365062740</field>
<field name="type">currency</field>
<field name="volume">0</field>
</resource><resource classname="Quote">
<field name="name">USD/MWK</field>
<field name="price">397.500000</field>
<field name="symbol">MWK=X</field>
<field name="ts">1365062740</field>
<field name="type">currency</field>
<field name="volume">0</field>
</resource><resource classname="Quote">
<field name="name">USD/PKR</field>
<field name="price">98.320000</field>
<field name="symbol">PKR=X</field>
<field name="ts">1365062740</field>
<field name="type">currency</field>
<field name="volume">0</field>
</resource><resource classname="Quote">
<field name="name">USD/PEN</field>
<field name="price">2.588000</field>
<field name="symbol">PEN=X</field>
<field name="ts">1365062740</field>
<field name="type">currency</field>
<field name="volume">0</field>
</resource><resource classname="Quote">
<field name="name">USD/AED</field>
<field name="price">3.672750</field>
<field name="symbol">AED=X</field>
<field name="ts">1365062740</field>
<field name="type">currency</field>
<field name="volume">0</field>
</resource><resource classname="Quote">
<field name="name">USD/LVL</field>
<field name="price">0.548200</field>
<field name="symbol">LVL=X</field>
<field name="ts">1365062740</field>
<field name="type">currency</field>
<field name="volume">0</field>
</resource><resource classname="Quote">
<field name="name">PALLADIUM 1 UZ</field>
<field name="price">0.001516</field>
<field name="symbol">XPD=X</field>
<field name="ts">1348163182</field>
<field name="type">currency</field>
<field name="volume">100</field>
</resource><resource classname="Quote">
<field name="name">USD/UAH</field>
<field name="price">8.120000</field>
<field name="symbol">UAH=X</field>
<field name="ts">1365062740</field>
<field name="type">currency</field>
<field name="volume">0</field>
</resource><resource classname="Quote">
<field name="name">USD/LRD</field>
<field name="price">74.000000</field>
<field name="symbol">LRD=X</field>
<field name="ts">1365062740</field>
<field name="type">currency</field>
<field name="volume">0</field>
</resource><resource classname="Quote">
<field name="name">USD/LSL</field>
<field name="price">9.255000</field>
<field name="symbol">LSL=X</field>
<field name="ts">1365062740</field>
<field name="type">currency</field>
<field name="volume">0</field>
</resource><resource classname="Quote">
<field name="name">USD/SEK</field>
<field name="price">6.559600</field>
<field name="symbol">SEK=X</field>
<field name="ts">1365062745</field>
<field name="type">currency</field>
<field name="volume">0</field>
</resource><resource classname="Quote">
<field name="name">USD/RON</field>
<field name="price">3.463500</field>
<field name="symbol">RON=X</field>
<field name="ts">1365062740</field>
<field name="type">currency</field>
<field name="volume">0</field>
</resource><resource classname="Quote">
<field name="name">USD/XOF</field>
<field name="price">510.200012</field>
<field name="symbol">XOF=X</field>
<field name="ts">1365062740</field>
<field name="type">currency</field>
<field name="volume">0</field>
</resource><resource classname="Quote">
<field name="name">USD/COP</field>
<field name="price">1820.500000</field>
<field name="symbol">COP=X</field>
<field name="ts">1365062740</field>
<field name="type">currency</field>
<field name="volume">0</field>
</resource><resource classname="Quote">
<field name="name">USD/CDF</field>
<field name="price">918.620605</field>
<field name="symbol">CDF=X</field>
<field name="ts">1365062740</field>
<field name="type">currency</field>
<field name="volume">0</field>
</resource><resource classname="Quote">
<field name="name">USD/TZS</field>
<field name="price">1621.500000</field>
<field name="symbol">TZS=X</field>
<field name="ts">1365062740</field>
<field name="type">currency</field>
<field name="volume">0</field>
</resource><resource classname="Quote">
<field name="name">USD/GHS</field>
<field name="price">1.941000</field>
<field name="symbol">GHS=X</field>
<field name="ts">1365062740</field>
<field name="type">currency</field>
<field name="volume">0</field>
</resource><resource classname="Quote">
<field name="name">USD/NPR</field>
<field name="price">87.250000</field>
<field name="symbol">NPR=X</field>
<field name="ts">1365062740</field>
<field name="type">currency</field>
<field name="volume">0</field>
</resource><resource classname="Quote">
<field name="name">USD/ZWL</field>
<field name="price">322.355011</field>
<field name="symbol">ZWL=X</field>
<field name="ts">1365062740</field>
<field name="type">currency</field>
<field name="volume">0</field>
</resource><resource classname="Quote">
<field name="name">USD/SOS</field>
<field name="price">1560.000000</field>
<field name="symbol">SOS=X</field>
<field name="ts">1365062740</field>
<field name="type">currency</field>
<field name="volume">0</field>
</resource><resource classname="Quote">
<field name="name">USD/DZD</field>
<field name="price">79.636002</field>
<field name="symbol">DZD=X</field>
<field name="ts">1365062744</field>
<field name="type">currency</field>
<field name="volume">0</field>
</resource><resource classname="Quote">
<field name="name">USD/FKP</field>
<field name="price">0.664900</field>
<field name="symbol">FKP=X</field>
<field name="ts">1365062740</field>
<field name="type">currency</field>
<field name="volume">0</field>
</resource><resource classname="Quote">
<field name="name">USD/LKR</field>
<field name="price">125.949997</field>
<field name="symbol">LKR=X</field>
<field name="ts">1365062740</field>
<field name="type">currency</field>
<field name="volume">0</field>
</resource><resource classname="Quote">
<field name="name">USD/JPY</field>
<field name="price">95.555000</field>
<field name="symbol">JPY=X</field>
<field name="ts">1365062744</field>
<field name="type">currency</field>
<field name="volume">0</field>
</resource><resource classname="Quote">
<field name="name">USD/CHF</field>
<field name="price">0.950145</field>
<field name="symbol">CHF=X</field>
<field name="ts">1365062745</field>
<field name="type">currency</field>
<field name="volume">0</field>
</resource><resource classname="Quote">
<field name="name">USD/CLP</field>
<field name="price">472.850006</field>
<field name="symbol">CLP=X</field>
<field name="ts">1365062740</field>
<field name="type">currency</field>
<field name="volume">0</field>
</resource><resource classname="Quote">
<field name="name">USD/IRR</field>
<field name="price">12285.000000</field>
<field name="symbol">IRR=X</field>
<field name="ts">1365062740</field>
<field name="type">currency</field>
<field name="volume">0</field>
</resource><resource classname="Quote">
<field name="name">USD/AFN</field>
<field name="price">52.770000</field>
<field name="symbol">AFN=X</field>
<field name="ts">1365062740</field>
<field name="type">currency</field>
<field name="volume">0</field>
</resource><resource classname="Quote">
<field name="name">USD/DJF</field>
<field name="price">179.699997</field>
<field name="symbol">DJF=X</field>
<field name="ts">1365062740</field>
<field name="type">currency</field>
<field name="volume">0</field>
</resource><resource classname="Quote">
<field name="name">USD/SVC</field>
<field name="price">8.747500</field>
<field name="symbol">SVC=X</field>
<field name="ts">1365062740</field>
<field name="type">currency</field>
<field name="volume">0</field>
</resource><resource classname="Quote">
<field name="name">USD/PLN</field>
<field name="price">3.277800</field>
<field name="symbol">PLN=X</field>
<field name="ts">1365062740</field>
<field name="type">currency</field>
<field name="volume">0</field>
</resource><resource classname="Quote">
<field name="name">USD/PYG</field>
<field name="price">4008.000000</field>
<field name="symbol">PYG=X</field>
<field name="ts">1365062740</field>
<field name="type">currency</field>
<field name="volume">0</field>
</resource><resource classname="Quote">
<field name="name">USD/ETB</field>
<field name="price">18.512800</field>
<field name="symbol">ETB=X</field>
<field name="ts">1365062740</field>
<field name="type">currency</field>
<field name="volume">0</field>
</resource><resource classname="Quote">
<field name="name">USD/ILS</field>
<field name="price">3.630650</field>
<field name="symbol">ILS=X</field>
<field name="ts">1365062740</field>
<field name="type">currency</field>
<field name="volume">0</field>
</resource><resource classname="Quote">
<field name="name">USD/TWD</field>
<field name="price">29.959999</field>
<field name="symbol">TWD=X</field>
<field name="ts">1365062740</field>
<field name="type">currency</field>
<field name="volume">0</field>
</resource><resource classname="Quote">
<field name="name">USD/KPW</field>
<field name="price">900.000000</field>
<field name="symbol">KPW=X</field>
<field name="ts">1365062740</field>
<field name="type">currency</field>
<field name="volume">0</field>
</resource><resource classname="Quote">
<field name="name">USD/GIP</field>
<field name="price">0.664900</field>
<field name="symbol">GIP=X</field>
<field name="ts">1365062740</field>
<field name="type">currency</field>
<field name="volume">0</field>
</resource><resource classname="Quote">
<field name="name">USD/BND</field>
<field name="price">1.241650</field>
<field name="symbol">BND=X</field>
<field name="ts">1365062740</field>
<field name="type">currency</field>
<field name="volume">0</field>
</resource><resource classname="Quote">
<field name="name">USD/HNL</field>
<field name="price">19.580000</field>
<field name="symbol">HNL=X</field>
<field name="ts">1365062740</field>
<field name="type">currency</field>
<field name="volume">0</field>
</resource><resource classname="Quote">
<field name="name">USD/CZK</field>
<field name="price">20.209200</field>
<field name="symbol">CZK=X</field>
<field name="ts">1365062740</field>
<field name="type">currency</field>
<field name="volume">0</field>
</resource><resource classname="Quote">
<field name="name">USD/HUF</field>
<field name="price">236.854996</field>
<field name="symbol">HUF=X</field>
<field name="ts">1365062740</field>
<field name="type">currency</field>
<field name="volume">0</field>
</resource><resource classname="Quote">
<field name="name">USD/BZD</field>
<field name="price">2.020000</field>
<field name="symbol">BZD=X</field>
<field name="ts">1365062740</field>
<field name="type">currency</field>
<field name="volume">0</field>
</resource><resource classname="Quote">
<field name="name">USD/JOD</field>
<field name="price">0.707800</field>
<field name="symbol">JOD=X</field>
<field name="ts">1365062740</field>
<field name="type">currency</field>
<field name="volume">0</field>
</resource><resource classname="Quote">
<field name="name">USD/RWF</field>
<field name="price">634.000000</field>
<field name="symbol">RWF=X</field>
<field name="ts">1365062740</field>
<field name="type">currency</field>
<field name="volume">0</field>
</resource><resource classname="Quote">
<field name="name">USD/LTL</field>
<field name="price">2.699100</field>
<field name="symbol">LTL=X</field>
<field name="ts">1365062740</field>
<field name="type">currency</field>
<field name="volume">0</field>
</resource><resource classname="Quote">
<field name="name">USD/RUB</field>
<field name="price">31.740499</field>
<field name="symbol">RUB=X</field>
<field name="ts">1365062740</field>
<field name="type">currency</field>
<field name="volume">0</field>
</resource><resource classname="Quote">
<field name="name">USD/RSD</field>
<field name="price">87.430496</field>
<field name="symbol">RSD=X</field>
<field name="ts">1365062740</field>
<field name="type">currency</field>
<field name="volume">0</field>
</resource><resource classname="Quote">
<field name="name">USD/WST</field>
<field name="price">2.292302</field>
<field name="symbol">WST=X</field>
<field name="ts">1365062740</field>
<field name="type">currency</field>
<field name="volume">0</field>
</resource><resource classname="Quote">
<field name="name">PLATIN 1 UZ 999</field>
<field name="price">0.000616</field>
<field name="symbol">XPT=X</field>
<field name="ts">1348161768</field>
<field name="type">currency</field>
<field name="volume">0</field>
</resource><resource classname="Quote">
<field name="name">USD/PAB</field>
<field name="price">1.000000</field>
<field name="symbol">PAB=X</field>
<field name="ts">1365062740</field>
<field name="type">currency</field>
<field name="volume">0</field>
</resource><resource classname="Quote">
<field name="name">USD/NAD</field>
<field name="price">9.207000</field>
<field name="symbol">NAD=X</field>
<field name="ts">1365062740</field>
<field name="type">currency</field>
<field name="volume">0</field>
</resource><resource classname="Quote">
<field name="name">USD/DOP</field>
<field name="price">41.150002</field>
<field name="symbol">DOP=X</field>
<field name="ts">1365062740</field>
<field name="type">currency</field>
<field name="volume">0</field>
</resource><resource classname="Quote">
<field name="name">USD/ALL</field>
<field name="price">109.324997</field>
<field name="symbol">ALL=X</field>
<field name="ts">1365062740</field>
<field name="type">currency</field>
<field name="volume">0</field>
</resource><resource classname="Quote">
<field name="name">USD/HTG</field>
<field name="price">42.500000</field>
<field name="symbol">HTG=X</field>
<field name="ts">1365062740</field>
<field name="type">currency</field>
<field name="volume">0</field>
</resource><resource classname="Quote">
<field name="name">USD/AMD</field>
<field name="price">418.140015</field>
<field name="symbol">AMD=X</field>
<field name="ts">1365062740</field>
<field name="type">currency</field>
<field name="volume">0</field>
</resource><resource classname="Quote">
<field name="name">USD/KMF</field>
<field name="price">384.470001</field>
<field name="symbol">KMF=X</field>
<field name="ts">1365062740</field>
<field name="type">currency</field>
<field name="volume">0</field>
</resource><resource classname="Quote">
<field name="name">USD/MRO</field>
<field name="price">275.250000</field>
<field name="symbol">MRO=X</field>
<field name="ts">1365062740</field>
<field name="type">currency</field>
<field name="volume">0</field>
</resource><resource classname="Quote">
<field name="name">USD/HRK</field>
<field name="price">5.950250</field>
<field name="symbol">HRK=X</field>
<field name="ts">1365062740</field>
<field name="type">currency</field>
<field name="volume">0</field>
</resource><resource classname="Quote">
<field name="name">USD/KHR</field>
<field name="price">3987.000000</field>
<field name="symbol">KHR=X</field>
<field name="ts">1365062740</field>
<field name="type">currency</field>
<field name="volume">0</field>
</resource><resource classname="Quote">
<field name="name">USD/PHP</field>
<field name="price">41.040001</field>
<field name="symbol">PHP=X</field>
<field name="ts">1365062740</field>
<field name="type">currency</field>
<field name="volume">0</field>
</resource><resource classname="Quote">
<field name="name">USD/KWD</field>
<field name="price">0.285500</field>
<field name="symbol">KWD=X</field>
<field name="ts">1365062740</field>
<field name="type">currency</field>
<field name="volume">0</field>
</resource><resource classname="Quote">
<field name="name">USD/XCD</field>
<field name="price">2.700000</field>
<field name="symbol">XCD=X</field>
<field name="ts">1365062740</field>
<field name="type">currency</field>
<field name="volume">0</field>
</resource><resource classname="Quote">
<field name="name">COPPER HIGHGRADE</field>
<field name="price">0.302984</field>
<field name="symbol">XCP=X</field>
<field name="ts">1365043349</field>
<field name="type">currency</field>
<field name="volume">2</field>
</resource><resource classname="Quote">
<field name="name">USD/CNH</field>
<field name="price">6.202600</field>
<field name="symbol">CNH=X</field>
<field name="ts">1365062740</field>
<field name="type">currency</field>
<field name="volume">0</field>
</resource><resource classname="Quote">
<field name="name">USD/SDG</field>
<field name="price">4.409000</field>
<field name="symbol">SDG=X</field>
<field name="ts">1365062740</field>
<field name="type">currency</field>
<field name="volume">0</field>
</resource><resource classname="Quote">
<field name="name">USD/CLF</field>
<field name="price">0.020670</field>
<field name="symbol">CLF=X</field>
<field name="ts">1365062740</field>
<field name="type">currency</field>
<field name="volume">0</field>
</resource><resource classname="Quote">
<field name="name">USD/KZT</field>
<field name="price">150.899994</field>
<field name="symbol">KZT=X</field>
<field name="ts">1365062740</field>
<field name="type">currency</field>
<field name="volume">0</field>
</resource><resource classname="Quote">
<field name="name">USD/TRY</field>
<field name="price">1.809850</field>
<field name="symbol">TRY=X</field>
<field name="ts">1365062740</field>
<field name="type">currency</field>
<field name="volume">0</field>
</resource><resource classname="Quote">
<field name="name">USD/FJD</field>
<field name="price">1.778700</field>
<field name="symbol">FJD=X</field>
<field name="ts">1365062740</field>
<field name="type">currency</field>
<field name="volume">0</field>
</resource><resource classname="Quote">
<field name="name">USD/NZD</field>
<field name="price">1.194386</field>
<field name="symbol">NZD=X</field>
<field name="ts">1365062740</field>
<field name="type">currency</field>
<field name="volume">0</field>
</resource><resource classname="Quote">
<field name="name">USD/BAM</field>
<field name="price">1.532150</field>
<field name="symbol">BAM=X</field>
<field name="ts">1365062740</field>
<field name="type">currency</field>
<field name="volume">0</field>
</resource><resource classname="Quote">
<field name="name">USD/BTN</field>
<field name="price">54.834999</field>
<field name="symbol">BTN=X</field>
<field name="ts">1365062740</field>
<field name="type">currency</field>
<field name="volume">0</field>
</resource><resource classname="Quote">
<field name="name">USD/STD</field>
<field name="price">19120.000000</field>
<field name="symbol">STD=X</field>
<field name="ts">1365062740</field>
<field name="type">currency</field>
<field name="volume">0</field>
</resource><resource classname="Quote">
<field name="name">USD/VUV</field>
<field name="price">91.500000</field>
<field name="symbol">VUV=X</field>
<field name="ts">1365062740</field>
<field name="type">currency</field>
<field name="volume">0</field>
</resource><resource classname="Quote">
<field name="name">USD/MVR</field>
<field name="price">15.410000</field>
<field name="symbol">MVR=X</field>
<field name="ts">1365062740</field>
<field name="type">currency</field>
<field name="volume">0</field>
</resource><resource classname="Quote">
<field name="name">USD/AOA</field>
<field name="price">95.988998</field>
<field name="symbol">AOA=X</field>
<field name="ts">1365062740</field>
<field name="type">currency</field>
<field name="volume">0</field>
</resource><resource classname="Quote">
<field name="name">USD/EGP</field>
<field name="price">6.818800</field>
<field name="symbol">EGP=X</field>
<field name="ts">1365062740</field>
<field name="type">currency</field>
<field name="volume">0</field>
</resource><resource classname="Quote">
<field name="name">USD/QAR</field>
<field name="price">3.640800</field>
<field name="symbol">QAR=X</field>
<field name="ts">1365062740</field>
<field name="type">currency</field>
<field name="volume">0</field>
</resource><resource classname="Quote">
<field name="name">USD/OMR</field>
<field name="price">0.385050</field>
<field name="symbol">OMR=X</field>
<field name="ts">1365062740</field>
<field name="type">currency</field>
<field name="volume">0</field>
</resource><resource classname="Quote">
<field name="name">USD/CVE</field>
<field name="price">85.480003</field>
<field name="symbol">CVE=X</field>
<field name="ts">1365062740</field>
<field name="type">currency</field>
<field name="volume">0</field>
</resource><resource classname="Quote">
<field name="name">USD/KGS</field>
<field name="price">47.937000</field>
<field name="symbol">KGS=X</field>
<field name="ts">1365062740</field>
<field name="type">currency</field>
<field name="volume">0</field>
</resource><resource classname="Quote">
<field name="name">USD/MXN</field>
<field name="price">12.326900</field>
<field name="symbol">MXN=X</field>
<field name="ts">1365062740</field>
<field name="type">currency</field>
<field name="volume">0</field>
</resource><resource classname="Quote">
<field name="name">USD/MYR</field>
<field name="price">3.082500</field>
<field name="symbol">MYR=X</field>
<field name="ts">1365062740</field>
<field name="type">currency</field>
<field name="volume">0</field>
</resource><resource classname="Quote">
<field name="name">USD/GYD</field>
<field name="price">204.449997</field>
<field name="symbol">GYD=X</field>
<field name="ts">1365062740</field>
<field name="type">currency</field>
<field name="volume">0</field>
</resource><resource classname="Quote">
<field name="name">USD/SZL</field>
<field name="price">9.262000</field>
<field name="symbol">SZL=X</field>
<field name="ts">1365062740</field>
<field name="type">currency</field>
<field name="volume">0</field>
</resource><resource classname="Quote">
<field name="name">USD/YER</field>
<field name="price">214.354996</field>
<field name="symbol">YER=X</field>
<field name="ts">1365062740</field>
<field name="type">currency</field>
<field name="volume">0</field>
</resource><resource classname="Quote">
<field name="name">USD/SAR</field>
<field name="price">3.750200</field>
<field name="symbol">SAR=X</field>
<field name="ts">1365062740</field>
<field name="type">currency</field>
<field name="volume">0</field>
</resource><resource classname="Quote">
<field name="name">USD/UYU</field>
<field name="price">18.820000</field>
<field name="symbol">UYU=X</field>
<field name="ts">1365062740</field>
<field name="type">currency</field>
<field name="volume">0</field>
</resource><resource classname="Quote">
<field name="name">USD/GBP</field>
<field name="price">0.664982</field>
<field name="symbol">GBP=X</field>
<field name="ts">1365062740</field>
<field name="type">currency</field>
<field name="volume">0</field>
</resource><resource classname="Quote">
<field name="name">USD/UZS</field>
<field name="price">2044.270020</field>
<field name="symbol">UZS=X</field>
<field name="ts">1365062740</field>
<field name="type">currency</field>
<field name="volume">0</field>
</resource><resource classname="Quote">
<field name="name">USD/GMD</field>
<field name="price">33.025002</field>
<field name="symbol">GMD=X</field>
<field name="ts">1365062740</field>
<field name="type">currency</field>
<field name="volume">0</field>
</resource><resource classname="Quote">
<field name="name">USD/AWG</field>
<field name="price">1.789800</field>
<field name="symbol">AWG=X</field>
<field name="ts">1365062740</field>
<field name="type">currency</field>
<field name="volume">0</field>
</resource><resource classname="Quote">
<field name="name">USD/MNT</field>
<field name="price">1395.500000</field>
<field name="symbol">MNT=X</field>
<field name="ts">1365062740</field>
<field name="type">currency</field>
<field name="volume">0</field>
</resource><resource classname="Quote">
<field name="name">GOLD 1 UZ</field>
<field name="price">0.000646</field>
<field name="symbol">XAU=X</field>
<field name="ts">1365062699</field>
<field name="type">currency</field>
<field name="volume">0</field>
</resource><resource classname="Quote">
<field name="name">USD/HKD</field>
<field name="price">7.762860</field>
<field name="symbol">HKD=X</field>
<field name="ts">1365062740</field>
<field name="type">currency</field>
<field name="volume">0</field>
</resource><resource classname="Quote">
<field name="name">USD/ARS</field>
<field name="price">5.133000</field>
<field name="symbol">ARS=X</field>
<field name="ts">1365062740</field>
<field name="type">currency</field>
<field name="volume">0</field>
</resource></resources>
</list>
<!-- iapi2.finance.sp2.yahoo.com compressed/chunked Thu Apr  4 01:05:50 PDT 2013 -->
