<?xml version="1.0" encoding="utf-8"?>
<table>
  <!--row>
    <col>Flag</col>
    <col>Country</col>
    <col>Currency</col>
    <col>Code ISO 4217</col>
    <col>Symbol</col>
    <col>Hex Symbol</col>
  </row-->
  <row>
    <col>albania</col>
    <col>Albania</col>
    <col>Lek</col>
    <col>ALL</col>
    <col>Lek</col>
    <col>4c, 65, 6b</col>
  </row>
  <row>
    <col>afghanistan</col>
    <col>Afghanistan</col>
    <col>Afghani</col>
    <col>AFN</col>
    <col>؋</col>
    <col>60b</col>
  </row>
  <row>
    <col>argentina</col>
    <col>Argentina</col>
    <col>Peso</col>
    <col>ARS</col>
    <col>$</col>
    <col>24</col>
  </row>
  <row>
    <col>aruba</col>
    <col>Aruba</col>
    <col>Guilder</col>
    <col>AWG</col>
    <col>ƒ</col>
    <col>192</col>
  </row>
  <row>
    <col>australia</col>
    <col>Australia</col>
    <col>Dollar</col>
    <col>AUD</col>
    <col>$</col>
    <col>24</col>
  </row>
  <row>
    <col>azerbaijan</col>
    <col>Azerbaijan</col>
    <col>Manat</col>
    <col>AZN</col>
    <col>ман</col>
    <col>43c, 430, 43d</col>
  </row>
  <row>
    <col>bahamas</col>
    <col>Bahamas</col>
    <col>Dollar</col>
    <col>BSD</col>
    <col>$</col>
    <col>24</col>
  </row>
  <row>
    <col>barbados</col>
    <col>Barbados</col>
    <col>Dollar</col>
    <col>BBD</col>
    <col>$</col>
    <col>24</col>
  </row>
  <row>
    <col>belarus</col>
    <col>Belarus</col>
    <col>Ruble</col>
    <col>BYR</col>
    <col>p.</col>
    <col>70, 2e</col>
  </row>
  <row>
    <col>belize</col>
    <col>Belize</col>
    <col>Dollar</col>
    <col>BZD</col>
    <col>BZ$</col>
    <col>42, 5a, 24</col>
  </row>
  <row>
    <col>bermuda</col>
    <col>Bermuda</col>
    <col>Dollar</col>
    <col>BMD</col>
    <col>$</col>
    <col>24</col>
  </row>
  <row>
    <col>bolivia</col>
    <col>Bolivia</col>
    <col>Boliviano</col>
    <col>BOB</col>
    <col>$b</col>
    <col>24, 62</col>
  </row>
  <row>
    <col>bosnia_and_herzegovina</col>
    <col>Bosnia and Herzegovina</col>
    <col>Convertible Marka</col>
    <col>BAM</col>
    <col>KM</col>
    <col>4b, 4d</col>
  </row>
  <row>
    <col>botswana</col>
    <col>Botswana</col>
    <col>Pula</col>
    <col>BWP</col>
    <col>P</col>
    <col>50</col>
  </row>
  <row>
    <col>bulgaria</col>
    <col>Bulgaria</col>
    <col>Lev</col>
    <col>BGN</col>
    <col>лв</col>
    <col>43b, 432</col>
  </row>
  <row>
    <col>brazil</col>
    <col>Brazil</col>
    <col>Real</col>
    <col>BRL</col>
    <col>R$</col>
    <col>52, 24</col>
  </row>
  <row>
    <col>brunei</col>
    <col>Brunei</col>
    <col>Darussalam Dollar</col>
    <col>BND</col>
    <col>$</col>
    <col>24</col>
  </row>
  <row>
    <col>cambodia</col>
    <col>Cambodia</col>
    <col>Riel</col>
    <col>KHR</col>
    <col>៛</col>
    <col>17db</col>
  </row>
  <row>
    <col>canada</col>
    <col>Canada</col>
    <col>Dollar</col>
    <col>CAD</col>
    <col>$</col>
    <col>24</col>
  </row>
  <row>
    <col>cayman_islands</col>
    <col>Cayman</col>
    <col>Dollar</col>
    <col>KYD</col>
    <col>$</col>
    <col>24</col>
  </row>
  <row>
    <col>chile</col>
    <col>Chile</col>
    <col>Peso</col>
    <col>CLP</col>
    <col>$</col>
    <col>24</col>
  </row>
  <row>
    <col>china</col>
    <col>China</col>
    <col>Yuan Renminbi</col>
    <col>CNY</col>
    <col>¥</col>
    <col>a5</col>
  </row>
  <row>
    <col>colombia</col>
    <col>Colombia</col>
    <col>Peso</col>
    <col>COP</col>
    <col>$</col>
    <col>24</col>
  </row>
  <row>
    <col>costarica</col>
    <col>Costa Rica</col>
    <col>Colon</col>
    <col>CRC</col>
    <col>₡</col>
    <col>20a1</col>
  </row>
  <row>
    <col>croatia</col>
    <col>Croatia</col>
    <col>Kuna</col>
    <col>HRK</col>
    <col>kn</col>
    <col>6b, 6e</col>
  </row>
  <row>
    <col>cuba</col>
    <col>Cuba</col>
    <col>Peso</col>
    <col>CUP</col>
    <col>₱</col>
    <col>20b1</col>
  </row>
  <row>
    <col>czechrepublic</col>
    <col>Czech Republic</col>
    <col>Koruna</col>
    <col>CZK</col>
    <col>Kč</col>
    <col>4b, 10d</col>
  </row>
  <row>
    <col>denmark</col>
    <col>Denmark</col>
    <col>Krone</col>
    <col>DKK</col>
    <col>kr</col>
    <col>6b, 72</col>
  </row>
  <row>
    <col>dominicanrepublic</col>
    <col>Dominican Republic</col>
    <col>Peso</col>
    <col>DOP</col>
    <col>RD$</col>
    <col>52, 44, 24</col>
  </row>
  <row>
    <col>No flag</col>
    <col>East Caribbean</col>
    <col>Dollar</col>
    <col>XCD</col>
    <col>$</col>
    <col>24</col>
  </row>
  <row>
    <col>egypt</col>
    <col>Egypt</col>
    <col>Pound</col>
    <col>EGP</col>
    <col>£</col>
    <col>a3</col>
  </row>
  <row>
    <col>elsalvador</col>
    <col>El Salvador</col>
    <col>Colon</col>
    <col>SVC</col>
    <col>$</col>
    <col>24</col>
  </row>
  <row>
    <col>estonia</col>
    <col>Estonia</col>
    <col>Kroon</col>
    <col>EEK</col>
    <col>kr</col>
    <col>6b, 72</col>
  </row>
  <row>
    <col>euro</col>
    <col>Euro Member</col>
    <col>Euro</col>
    <col>EUR</col>
    <col>€</col>
    <col>20ac</col>
  </row>
  <row>
    <col>falklandislands</col>
    <col>Falkland Islands </col>
    <col>Pound</col>
    <col>FKP</col>
    <col>£</col>
    <col>a3</col>
  </row>
  <row>
    <col>fiji</col>
    <col>Fiji</col>
    <col>Dollar</col>
    <col>FJD</col>
    <col>$</col>
    <col>24</col>
  </row>
  <row>
    <col>ghana</col>
    <col>Ghana</col>
    <col>Cedis</col>
    <col>GHC</col>
    <col>¢</col>
    <col>a2</col>
  </row>
  <row>
    <col>gibraltar</col>
    <col>Gibraltar</col>
    <col>Pound</col>
    <col>GIP</col>
    <col>£</col>
    <col>a3</col>
  </row>
  <row>
    <col>guatemala</col>
    <col>Guatemala</col>
    <col>Quetzal</col>
    <col>GTQ</col>
    <col>Q</col>
    <col>51</col>
  </row>
  <row>
    <col>guernsey</col>
    <col>Guernsey</col>
    <col>Pound</col>
    <col>GGP</col>
    <col>£</col>
    <col>a3</col>
  </row>
  <row>
    <col>guyana</col>
    <col>Guyana</col>
    <col>Dollar</col>
    <col>GYD</col>
    <col>$</col>
    <col>24</col>
  </row>
  <row>
    <col>honduras</col>
    <col>Honduras</col>
    <col>Lempira</col>
    <col>HNL</col>
    <col>L</col>
    <col>4c</col>
  </row>
  <row>
    <col>hongkong</col>
    <col>Hong Kong</col>
    <col>Dollar</col>
    <col>HKD</col>
    <col>$</col>
    <col>24</col>
  </row>
  <row>
    <col>hungary</col>
    <col>Hungary</col>
    <col>Forint</col>
    <col>HUF</col>
    <col>Ft</col>
    <col>46, 74</col>
  </row>
  <row>
    <col>iceland</col>
    <col>Iceland</col>
    <col>Krona</col>
    <col>ISK</col>
    <col>kr</col>
    <col>6b, 72</col>
  </row>
  <row>
    <col>india</col>
    <col>India</col>
    <col>Rupee</col>
    <col>INR</col>
    <col>₹</col>
    <col>20B9</col>
  </row>
  <row>
    <col>indonesia</col>
    <col>Indonesia</col>
    <col>Rupiah</col>
    <col>IDR</col>
    <col>Rp</col>
    <col>52, 70</col>
  </row>
  <row>
    <col>iran</col>
    <col>Iran</col>
    <col>Rial</col>
    <col>IRR</col>
    <col>﷼</col>
    <col>fdfc</col>
  </row>
   <row>
    <col>isleofman</col>
    <col>Isle of Man</col>
    <col>Pound</col>
    <col>IMP</col>
    <col>£</col>
    <col>a3</col>
  </row>
  <row>
    <col>israel</col>
    <col>Israel</col>
    <col>Shekel</col>
    <col>ILS</col>
    <col>₪</col>
    <col>20aa</col>
  </row>
  <row>
    <col>jamaica</col>
    <col>Jamaica</col>
    <col>Dollar</col>
    <col>JMD</col>
    <col>J$</col>
    <col>4a, 24</col>
  </row>
  <row>
    <col>japan</col>
    <col>Japan</col>
    <col>Yen</col>
    <col>JPY</col>
    <col>¥</col>
    <col>a5</col>
  </row>
  <row>
    <col>jersey</col>
    <col>Jersey</col>
    <col>Pound</col>
    <col>JEP</col>
    <col>£</col>
    <col>a3</col>
  </row>
  <row>
    <col>kazakhstan</col>
    <col>Kazakhstan</col>
    <col>Tenge</col>
    <col>KZT</col>
    <col>лв</col>
    <col>43b, 432</col>
  </row>
  <row>
    <col>northkorea</col>
    <col>Korea (North)</col>
    <col>Won</col>
    <col>KPW</col>
    <col>₩</col>
    <col>20a9</col>
  </row>
  <row>
    <col>southkorea</col>
    <col>Korea (South)</col>
    <col>Won</col>
    <col>KRW</col>
    <col>₩</col>
    <col>20a9</col>
  </row>
  <row>
    <col>kyrgyzstan</col>
    <col>Kyrgyzstan</col>
    <col>Som</col>
    <col>KGS</col>
    <col>лв</col>
    <col>43b, 432</col>
  </row>
  <row>
    <col>laos</col>
    <col>Laos</col>
    <col>Kip</col>
    <col>LAK</col>
    <col>₭</col>
    <col>20ad</col>
  </row>
  <row>
    <col>latvia</col>
    <col>Latvia</col>
    <col>Lat</col>
    <col>LVL</col>
    <col>Ls</col>
    <col>4c, 73</col>
  </row>
  <row>
    <col>lebanon</col>
    <col>Lebanon</col>
    <col>Pound</col>
    <col>LBP</col>
    <col>£</col>
    <col>a3</col>
  </row>
  <row>
    <col>liberia</col>
    <col>Liberia</col>
    <col>Dollar</col>
    <col>LRD</col>
    <col>$</col>
    <col>24</col>
  </row>
  <row>
    <col>lithuania</col>
    <col>Lithuania</col>
    <col>Litas</col>
    <col>LTL</col>
    <col>Lt</col>
    <col>4c, 74</col>
  </row>
  <row>
    <col>macedonia</col>
    <col>Macedonia</col>
    <col>Denar</col>
    <col>MKD</col>
    <col>ден</col>
    <col>434, 435, 43d</col>
  </row>
  <row>
    <col>malaysia</col>
    <col>Malaysia</col>
    <col>Ringgit</col>
    <col>MYR</col>
    <col>RM</col>
    <col>52, 4d</col>
  </row>
  <row>
    <col>mauritius</col>
    <col>Mauritius</col>
    <col>Rupee</col>
    <col>MUR</col>
    <col>₨</col>
    <col>20a8</col>
  </row>
  <row>
    <col>mexico</col>
    <col>Mexico</col>
    <col>Peso</col>
    <col>MXN</col>
    <col>$</col>
    <col>24</col>
  </row>
  <row>
    <col>mongolia</col>
    <col>Mongolia</col>
    <col>Tughrik</col>
    <col>MNT</col>
    <col>₮</col>
    <col>20ae</col>
  </row>
  <row>
    <col>mozambique</col>
    <col>Mozambique</col>
    <col>Metical</col>
    <col>MZN</col>
    <col>MT</col>
    <col>4d, 54</col>
  </row>
  <row>
    <col>namibia</col>
    <col>Namibia</col>
    <col>Dollar</col>
    <col>NAD</col>
    <col>$</col>
    <col>24</col>
  </row>
  <row>
    <col>nepal</col>
    <col>Nepal</col>
    <col>Rupee</col>
    <col>NPR</col>
    <col>₨</col>
    <col>20a8</col>
  </row>
  <row>
    <col>netherlands</col>
    <col>Netherlands</col>
    <col>Antilles Guilder</col>
    <col>ANG</col>
    <col>ƒ</col>
    <col>192</col>
  </row>
  <row>
    <col>newzealand</col>
    <col>New Zealand</col>
    <col>Dollar</col>
    <col>NZD</col>
    <col>$</col>
    <col>24</col>
  </row>
  <row>
    <col>nicaragua</col>
    <col>Nicaragua</col>
    <col>Cordoba</col>
    <col>NIO</col>
    <col>C$</col>
    <col>43, 24</col>
  </row>
  <row>
    <col>nigeria</col>
    <col>Nigeria</col>
    <col>Naira</col>
    <col>NGN</col>
    <col>₦</col>
    <col>20a6</col>
  </row>
  <row>
    <col>norway</col>
    <col>Norway</col>
    <col>Krone</col>
    <col>NOK</col>
    <col>kr</col>
    <col>6b, 72</col>
  </row>
  <row>
    <col>oman</col>
    <col>Oman</col>
    <col>Rial</col>
    <col>OMR</col>
    <col>﷼</col>
    <col>fdfc</col>
  </row>
  <row>
    <col>pakistan</col>
    <col>Pakistan</col>
    <col>Rupee</col>
    <col>PKR</col>
    <col>₨</col>
    <col>20a8</col>
  </row>
  <row>
    <col>panama</col>
    <col>Panama</col>
    <col>Balboa</col>
    <col>PAB</col>
    <col>B/.</col>
    <col>42, 2f, 2e</col>
  </row>
  <row>
    <col>paraguay</col>
    <col>Paraguay</col>
    <col>Guarani</col>
    <col>PYG</col>
    <col>Gs</col>
    <col>47, 73</col>
  </row>
  <row>
    <col>peru</col>
    <col>Peru</col>
    <col>Nuevo Sol</col>
    <col>PEN</col>
    <col>S/.</col>
    <col>53, 2f, 2e</col>
  </row>
  <row>
    <col>philippines</col>
    <col>Philippines</col>
    <col>Peso</col>
    <col>PHP</col>
    <col>₱</col>
    <col>20b1</col>
  </row>
  <row>
    <col>poland</col>
    <col>Poland</col>
    <col>Zloty</col>
    <col>PLN</col>
    <col>zł</col>
    <col>7a, 142</col>
  </row>
  <row>
    <col>qatar</col>
    <col>Qatar</col>
    <col>Riyal</col>
    <col>QAR</col>
    <col>﷼</col>
    <col>fdfc</col>
  </row>
  <row>
    <col>romania</col>
    <col>Romania</col>
    <col>New Leu</col>
    <col>RON</col>
    <col>lei</col>
    <col>6c, 65, 69</col>
  </row>
  <row>
    <col>russia</col>
    <col>Russia</col>
    <col>Ruble</col>
    <col>RUB</col>
    <col>руб</col>
    <col>440, 443, 431</col>
  </row>
  <row>
    <col>sainthelena</col>
    <col>Saint Helena</col>
    <col>Pound</col>
    <col>SHP</col>
    <col>£</col>
    <col>a3</col>
  </row>
  <row>
    <col>saudiarabia</col>
    <col>Saudi Arabia</col>
    <col>Riyal</col>
    <col>SAR</col>
    <col>﷼</col>
    <col>fdfc</col>
  </row>
  <row>
    <col>serbia</col>
    <col>Serbia</col>
    <col>Dinar</col>
    <col>RSD</col>
    <col>Дин.</col>
    <col>414, 438, 43d, 2e</col>
  </row>
  <row>
    <col>seychelles</col>
    <col>Seychelles</col>
    <col>Rupee</col>
    <col>SCR</col>
    <col>₨</col>
    <col>20a8</col>
  </row>
  <row>
    <col>singapore</col>
    <col>Singapore</col>
    <col>Dollar</col>
    <col>SGD</col>
    <col>$</col>
    <col>24</col>
  </row>
  <row>
    <col>solomonislands</col>
    <col>Solomon Islands</col>
    <col>Dollar</col>
    <col>SBD</col>
    <col>$</col>
    <col>24</col>
  </row>
  <row>
    <col>somalia</col>
    <col>Somalia</col>
    <col>Shilling</col>
    <col>SOS</col>
    <col>S</col>
    <col>53</col>
  </row>
  <row>
    <col>southafrica</col>
    <col>South Africa</col>
    <col>Rand</col>
    <col>ZAR</col>
    <col>S</col>
    <col>52</col>
  </row>
  <row>
    <col>srilanka</col>
    <col>Sri Lanka</col>
    <col>Rupee</col>
    <col>LKR</col>
    <col>₨</col>
    <col>20a8</col>
  </row>
  <row>
    <col>sweden</col>
    <col>Sweden</col>
    <col>Krona</col>
    <col>SEK</col>
    <col>kr</col>
    <col>6b, 72</col>
  </row>
  <row>
    <col>switzerland</col>
    <col>Switzerland</col>
    <col>Franc</col>
    <col>CHF</col>
    <col>CHF</col>
    <col>43, 48, 46</col>
  </row>
  <row>
    <col>suriname</col>
    <col>Suriname</col>
    <col>Dollar</col>
    <col>SRD</col>
    <col>$</col>
    <col>24</col>
  </row>
  <row>
    <col>syria</col>
    <col>Syria</col>
    <col>Pound</col>
    <col>SYP</col>
    <col>£</col>
    <col>a3</col>
  </row>
  <row>
    <col>taiwan</col>
    <col>Taiwan</col>
    <col>New Dollar</col>
    <col>TWD</col>
    <col>NT$</col>
    <col>4e, 54, 24</col>
  </row>
  <row>
    <col>thailand</col>
    <col>Thailand</col>
    <col>Baht</col>
    <col>THB</col>
    <col>฿</col>
    <col>e3f</col>
  </row>
  <row>
    <col>trinidadandtobago</col>
    <col>Trinidad and Tobago</col>
    <col>Dollar</col>
    <col>TTD</col>
    <col>TT$</col>
    <col>54, 54, 24</col>
  </row>
  <row>
    <col>turkey</col>
    <col>Turkey</col>
    <col>Lira</col>
    <col>TRL</col>
    <col>₤</col>
    <col>20a4</col>
  </row>
  <row>
    <col>tuvalu</col>
    <col>Tuvalu</col>
    <col>Dollar</col>
    <col>TVD</col>
    <col>$</col>
    <col>24</col>
  </row>
  <row>
    <col>ukraine</col>
    <col>Ukraine</col>
    <col>Hryvna</col>
    <col>UAH</col>
    <col>₴</col>
    <col>20b4</col>
  </row>
  <row>
    <col>unitedkingdom</col>
    <col>United Kingdom</col>
    <col>Pound</col>
    <col>GBP</col>
    <col>£</col>
    <col>a3</col>
  </row>
  <row>
    <col>unitedstates</col>
    <col>United States</col>
    <col>Dollar</col>
    <col>USD</col>
    <col>$</col>
    <col>24</col>
  </row>
  <row>
    <col>uruguay</col>
    <col>Uruguay</col>
    <col>Peso</col>
    <col>UYU</col>
    <col>$U</col>
    <col>24, 55</col>
  </row>
  <row>
    <col>uzbekistan</col>
    <col>Uzbekistan</col>
    <col>Som</col>
    <col>UZS</col>
    <col>лв</col>
    <col>43b, 432</col>
  </row>
  <row>
    <col>venezuela</col>
    <col>Venezuela</col>
    <col>Bolivar Fuerte</col>
    <col>VEF</col>
    <col>Bs</col>
    <col>42, 73</col>
  </row>
  <row>
    <col>vietnam</col>
    <col>Viet Nam</col>
    <col>Dong</col>
    <col>VND</col>
    <col>₫</col>
    <col>20ab</col>
  </row>
  <row>
    <col>yemen</col>
    <col>Yemen</col>
    <col>Rial</col>
    <col>YER</col>
    <col>﷼</col>
    <col>fdfc</col>
  </row>
  <row>
    <col>zimbabwe</col>
    <col>Zimbabwe</col>
    <col>Dollar</col>
    <col>ZWD</col>
    <col>Z$</col>
    <col>5a, 24</col>
  </row>
</table>